<sxs>
    <scene root="root" axis_length="5"/>

    <views default="Camera1">
        <perspective id="Camera0" near="0.1" far="500" angle="45">
            <from x="30" y="12" z="50" />
            <to x="190" y="4" z="40" />
        </perspective>
        <perspective id="Camera1" near="0.1" far="500" angle="0.4">
            <from x="140" y="25" z="140" />
            <to x="0" y="6.8" z="0" />
        </perspective>
        <ortho id="Side view Ortho" near="-50" far="900" left="-50" right="50" bottom="-10" top="20">
            <from x="-50" y="5" z="0" />
            <to x="40" y="5" z="0" />
        </ortho>
        <ortho id="CameraOrtho2" left="-5" right="5" near="-5" far="5" bottom="-5" top="5">
            <from x="-5" y="0" z="-5" />
            <to x="0" y="0" z="0" />
        </ortho>
    </views>

    <ambient>
        <ambient r="0.25" g="0.2" b="0.2" a="1.0" />
        <background r="0.546875" g="0.87890625" b="1" a="1" />
        <!--background r="0.41796875" g="0.75" b="0.98046875" a="1" /-->

    </ambient>

    <lights>
        <spot id="Unidentified" enabled="1" angle="13" exponent="16">
            <target x="-20" y="10" z="-20" />
            <location x="20" y="30" z="20" w="1.0" />
            <ambient r="0" g="0.3" b="0" a="1.0" />
            <diffuse r="0" g="1.0" b="0" a="1.0" />
            <specular r="0" g="1.0" b="0" a="1.0" />
			<attenuation constant="1.0" linear="0.0" quadratic="0.0"/>
        </spot>
		<omni id="light1" enabled="1">
            <location x="-300" y="39" z="-300" w="1.0" />
            <ambient r="0.1" g="0.1" b="0.1" a="1.0" />
            <diffuse r="1.0" g="1.0" b="1.0" a="1.0" />
            <specular r="1.0" g="1.0" b="1.0" a="1.0" />
			<attenuation constant="1.0" linear="0.0" quadratic="0.0"/>
        </omni>
		<omni id="light2" enabled="1">
            <location x="300" y="39" z="-300" w="1.0" />
            <ambient r="0.1" g="0.1" b="0.1" a="1.0" />
            <diffuse r="1.0" g="1.0" b="1.0" a="1.0" />
            <specular r="1.0" g="1.0" b="1.0" a="1.0" />
			<attenuation constant="1.0" linear="0.0" quadratic="0.0"/>
        </omni>
        <omni id="light3" enabled="1">
            <location x="-300" y="39" z="300" w="1.0" />
            <ambient r="0.1" g="0.1" b="0.1" a="1.0" />
            <diffuse r="1.0" g="1.0" b="1.0" a="1.0" />
            <specular r="1.0" g="1.0" b="1.0" a="1.0" />
			<attenuation constant="1.0" linear="0.0" quadratic="0.0"/>
        </omni>
        <omni id="light4" enabled="1">
            <location x="300" y="39" z="300" w="1.0" />
            <ambient r="0.1" g="0.1" b="0.1" a="1.0" />
            <diffuse r="1.0" g="1.0" b="1.0" a="1.0" />
            <specular r="1.0" g="1.0" b="1.0" a="1.0" />
			<attenuation constant="1.0" linear="0.0" quadratic="0.0"/>
        </omni>
    </lights>

    <textures>
        <texture id="trunk" file="scenes/images/trunk-image.jpg" />
        <texture id="leaves" file="scenes/images/leaves.jpg" />
        <texture id="sand" file="scenes/images/bank.jpg" />
        <texture id="sphinx" file="scenes/images/sphinx_and_pyramids_scaled.jpeg" />
        <texture id="dune" file="scenes/images/dune_scaled.jpg" />
        <texture id="dune_flipped" file="scenes/images/dune_scaled_flipped.jpg" />
        <texture id="water" file="scenes/images/water_scaled.png" />
        <texture id="pyramid" file="scenes/images/pyramid2_cropped.jpg" />
        <texture id="cloud" file="scenes/images/cloud_cropped.jpg" />
        <texture id="spacetech" file="scenes/images/spacetech_cropped.jpg" />
        <texture id="weird" file="scenes/images/weird_alien_picture_cropped.jpeg" />
        

    </textures>

    <materials>
        <material id="sand" shininess="10">
            <emission r="0.1" g="0.05" b="0.0" a="1.0" />
            <ambient r="0.5" g="0.2" b="0" a="1.0" />
            <diffuse r="0.968" g="0.43" b="0.219" a="1.0" />
            <specular r="0.9" g="0.45" b="0.0" a="1.0" />
        </material>
        <material id="pyramid" shininess="10">
            <emission r="0.0" g="0.0" b="0.0" a="1.0" />
            <ambient r="0.2" g="0.1" b="0" a="1.0" />
            <diffuse r="0.668" g="0.43" b="0.219" a="1.0" />
            <specular r="0.2" g="0.2" b="0.2" a="0.5" />
        </material>
        <material id="sand2" shininess="10">
            <emission r="0.0" g="0.0" b="0.0" a="1.0" />
            <ambient r="0.2" g="0.1" b="0" a="1.0" />
            <diffuse r="0.94" g="0.9" b="0.56" a="1.0" />
            <specular r="1" g="0.65" b="0.0" a="1.0" />
        </material>
        <material id="sand_blue" shininess="1">
            <emission r="0.0" g="0.0" b="0.0" a="1.0" />
            <ambient r="0.2" g="0.4" b="0.8" a="1.0" />
            <diffuse r="0.8" g="0.65" b="0.0" a="1.0" />
            <specular r="1" g="0.65" b="0.0" a="1.0" />
        </material>
        <material id="light_blue" shininess="10">
            <emission r="0.0" g="0.3" b="0.3" a="0.3" />
            <ambient r="0.2" g="0.4" b="0.8" a="1.0" />
            <diffuse r="0.33" g="0.55" b="0.0" a="0" />
            <specular r="0.65" g="0.65" b="0.0" a="0.7" />
        </material>
        <material id="blue" shininess="0">
            <emission r="0.0" g="0.0" b="0.00" a="1.0" />
            <ambient r="0.00" g="0.05" b="0.1" a="1.0" />
            <diffuse r="0.65" g="0.90" b="1" a="1" />
            <specular r="0.35" g="0.55" b="1" a="0.9" />
        </material>
        <material id="zero" shininess="10">
            <emission r="0" g="0.3" b="0.2" a="0.2" />
            <ambient r="0" g="0" b="0" a="0" />
            <diffuse r="0.7" g="0.7" b="0.7" a="0.7" />
            <specular r="0.5" g="0.5" b="0.5" a="0.7" />
        </material>
        <material id="soft_green" shininess="10">
            <emission r="1" g="1" b="1" a="1" />
            <ambient r="0" g="0" b="0" a="0" />
            <diffuse r="0.7" g="0.7" b="0.7" a="0.7" />
            <specular r="0.5" g="0.5" b="0.5" a="0.5" />
        </material>
        <material id="grey" shininess="10">
            <emission r="1" g="1" b="1" a="0.75" />
            <ambient r="0" g="0" b="0" a="0" />
            <diffuse r="0.3" g="0.3" b="0.3" a="1" />
            <specular r="0.7" g="0.7" b="0.7" a="1" />
        </material>
    </materials>

    <transformations>    
    </transformations>

    <primitives>
        <primitive id="Rectangle">
            <rectangle x1="-2" x2="2" y1="-2" y2="2"  />
        </primitive>
        <primitive id="Sphere">
            <sphere radius="2" slices="20" stacks="20" />
        </primitive>
		<primitive id="Cylinder">
            <cylinder height="2" base="1" top="1" stacks="40" slices="40" />
        </primitive>
		<primitive id="Torus">
            <torus inner="0.2" outer="2" slices="30" loops="30" />
        </primitive>
        <primitive id="PyramidWall">
            <triangle x1="-1" y1="0" z1="1" x2="1" y2="0" z2="1" x3="0" y3="1" z3="0" />
        </primitive>
    </primitives>

    <components>
        <component id="root">
            <transformation>
            </transformation>
            <materials>
                <material id="sand" />
                <material id="sand2" />
                <material id="sand_blue" />

            </materials>
            <texture id="none" length_s="1" length_t="1"/>
            <children>
                <componentref id="bigCompositeTerrainSet"/>
                <componentref id="walls"/>

                <componentref id="oasis_and_cactusSets"/>

                <componentref id="pyramidSet"/>
                <componentref id="spaceship"/>

            </children>
        </component>

        <component id="walls">
            <transformation>
            </transformation>
            <materials>
                <material id="blue" />
            </materials>
            <texture id="none"/>
            <children>
                <componentref id="wall1"/>
                <componentref id="wall2"/>
                <componentref id="wall3"/>
                <componentref id="wall4"/>
            </children>
        </component>

        <component id="wall1">
            <transformation>
                <translate x="0" y="38" z="-210"/>
                
                <scale x="107" y="20" z="1"/>
            </transformation>
            <materials>
                <material id="inherit" />
            </materials>
            <texture id="dune" length_s="1" length_t="1"/>
            <children>
                <primitiveref id="Rectangle"/>
            </children>
        </component>
        <component id="wall2">
            <transformation>
                <rotate axis="y" angle="90"/>
                <translate x="0" y="38" z="-210"/>
                
                <scale x="107" y="20" z="100"/>
            </transformation>
            <materials>
                <material id="inherit" />
            </materials>
            <texture id="dune_flipped" length_s="1" length_t="1"/>
            <children>
                <primitiveref id="Rectangle"/>
            </children>
        </component>
        <component id="wall3">
            <transformation>
                <rotate axis="y" angle="180"/>
                <translate x="0" y="38" z="-210"/>
                
                <scale x="107" y="20" z="100"/>
            </transformation>
            <materials>
                <material id="inherit" />
            </materials>
            <texture id="dune" length_s="1" length_t="1"/>
            <children>
                <primitiveref id="Rectangle"/>
            </children>
        </component>
        <component id="wall4">
            <transformation>
                <rotate axis="y" angle="270"/>
                <translate x="0" y="38" z="-210"/>
                
                <scale x="107" y="20" z="100"/>
            </transformation>
            <materials>
                <material id="inherit" />
            </materials>
            <texture id="dune_flipped" length_s="1" length_t="1"/>
            <children>
                <primitiveref id="Rectangle"/>
            </children>
        </component>


        <component id="spaceship">
            <transformation>
                <translate x="-50" y="120" z="20"/>
            </transformation>
            <materials>
                <material id="zero" />
                <material id="blue" />
            </materials>
            <texture id="cloud" length_s="1" length_t="1"/>
            <children>
                <componentref id="cockpit"/>
                <componentref id="base"/>
            </children>
        </component>
        <component id="cockpit">
            <transformation>
                <translate x="0" y="17" z="0"/>
                <rotate axis="y" angle ="-120"/>
                <rotate axis="z" angle ="-90"/>
                
                <scale x="15.5" y="12" z="12"/>
            </transformation>
            <materials>
                <material id="soft_green" />
                <material id="zero" />
            </materials>
            <texture id="weird" length_s="1" length_t="1"/>
            <children>
                <primitiveref id="Sphere"/>
            </children>
        </component>
        <component id="base">
            <transformation>
                <rotate axis="x" angle="90"/>
                <scale x="50" y="50" z="9"/>
            </transformation>
            <materials>
                <material id="grey" />
                <material id="zero" />
                <material id="light_blue" />
            </materials>
            <texture id="spacetech" length_s="1" length_t="1"/>
            <children>
                <primitiveref id="Torus"/>
            </children>
        </component>


        <component id="cloud">
            <transformation>
                <translate x="-310" y="150" z="20"/>
                <rotate angle="45" axis="z"/>
                <scale x="5" y="8" z="15"/>
            </transformation>
            <materials>
                <material id="zero" />
                <material id="light_blue" />
            </materials>
            <texture id="cloud" length_s="1" length_t="1"/>
            <children>
                <primitiveref id="Sphere"/>
            </children>
        </component>
        
        <component id="oasis_and_cactusSets">
            <transformation>
                <translate x="70" y="0" z="50"/>
            </transformation>
            <materials>
                <material id="inherit" />
            </materials>
            <texture id="none"/>
            <children>            
                <componentref id="oasis"/>
                <componentref id="cactusSets"/>
            </children>
        </component>
        <component id="oasis">
            <transformation>
                <scale x="8" y="0.75" z="9.5"/>
            </transformation>
            <materials>
                <material id="light_blue" />
                <material id="blue" />
            </materials>
            <texture id="none"/>
            <children>
                <primitiveref id="Sphere"/>
            </children>
        </component>
        

        <component id="pyramidSet">
            <transformation>
                <translate x="40" y="0" z="20"/>
            </transformation>
            <materials>
                <material id="pyramid" />
                <material id="sand" />
            </materials>
            <texture id="pyramid" length_s="1" length_t="1"/>
            <children>            
                <componentref id="bigPyramid"/>
                <componentref id="smallPyramid"/>
                <componentref id="smallerPyramid"/>
            </children>
        </component>
        <component id="bigPyramid">
            <transformation>
                <translate x="-100" y="0" z="-70"/>
                <scale x="40" y="45" z="40" />
            </transformation>
            <materials>
                <material id="inherit" />
            </materials>
            <texture id="pyramid" length_s="0.7" length_t="0.7"/>
            <children>            
                <componentref id="pyramid"/>
            </children>
        </component>
        <component id="smallPyramid">
            <transformation>
                <translate x="-100" y="0" z="-5"/>
                <scale x="20" y="24" z="20" />
            </transformation>
            <materials>
                <material id="inherit" />
            </materials>
            <texture id="inherit" length_s="1" length_t="1"/>
            <children>            
                <componentref id="pyramid"/>
            </children>
        </component>
        <component id="smallerPyramid">
            <transformation>
                <translate x="-60" y="0" z="-15"/>
                <scale x="10" y="11.5" z="10" />
            </transformation>
            <materials>
                <material id="inherit" />
            </materials>
            <texture id="pyramid" length_s="2.2" length_t="2.2"/>
            <children>            
                <componentref id="pyramid"/>
            </children>
        </component>
        <component id="pyramid">
            <transformation>
            </transformation>
            <materials>
                <material id="inherit"/>
            </materials>
            <texture id="inherit"/>
            <children>            
                <primitiveref id="PyramidWall"/>
                <componentref id="pyramidWall2"/>
                <componentref id="pyramidWall3"/>
                <componentref id="pyramidWall4"/>

            </children>
        </component>
        <component id="pyramidWall2">
            <transformation>
                <rotate axis="y" angle="90"/>
            </transformation>
            <materials>
                <material id="inherit" />
            </materials>
            <texture id="inherit"/>
            <children>            
                <primitiveref id="PyramidWall"/>
            </children>
        </component>
        <component id="pyramidWall3">
            <transformation>
                <rotate axis="y" angle="180"/>
            </transformation>
            <materials>
                <material id="inherit" />
            </materials>
            <texture id="inherit"/>
            <children>            
                <primitiveref id="PyramidWall"/>
            </children>
        </component><component id="pyramidWall4">
            <transformation>
                <rotate axis="y" angle="270"/>
            </transformation>
            <materials>
                <material id="inherit" />
            </materials>
            <texture id="inherit"/>
            <children>            
                <primitiveref id="PyramidWall"/>
            </children>
        </component>
        

        <component id="cactusSets">
            <transformation>
            </transformation>
            <materials>
                <material id="light_blue" />
                <material id="sand_blue" />
            </materials>
            <texture id="none" length_t="4"/>
            <children>            
                <componentref id="cactusSet1"/>
                <componentref id="cactusSet2"/>
                <componentref id="cactusSet3"/>
                <componentref id="cactusSet4"/>
            </children>
        </component>
        <component id="cactusSet1">
            <transformation>
                <translate x="15" y="0" z="0"/>
            </transformation>
            <materials>
                <material id="inherit" />
            </materials>
            <texture id="inherit"/>
            <children>          
                <componentref id="cactusSet"/>
            </children>
        </component>
        <component id="cactusSet2">
            <transformation>
                <translate x="12" y="0" z="14"/>
                <rotate axis="y" angle="57"/>
            </transformation>
            <materials>
                <material id="inherit" />
            </materials>
            <texture id="trunk" length_s="2" length_t="1"/>
            <children>             
                <componentref id="cactusSet"/>
            </children>
        </component>
        <component id="cactusSet3">
            <transformation>
                <translate x="0" y="0" z="-18"/>
                <rotate axis="y" angle="-57"/>
            </transformation>
            <materials>
                <material id="inherit" />
            </materials>
            <texture id="inherit"/>
            <children>            
                <componentref id="cactusSet"/>
            </children>
        </component>
        <component id="cactusSet4">
            <transformation>
                <translate x="-18" y="0" z="-9"/>
                <rotate axis="y" angle="167"/>
            </transformation>
            <materials>
                <material id="inherit" />
            </materials>
            <texture id="inherit"/>
            <children>            
                <componentref id="cactusSet"/>
            </children>
        </component>
        <component id="cactusSet">
            <transformation>
            </transformation>
            <materials>
                <material id="inherit" />
            </materials>
            <texture id="inherit"/>
            <children>            
                <componentref id="cactus1"/>
                <componentref id="cactus2"/>
                <componentref id="cactus3"/>
                <componentref id="cactus4"/>
                <componentref id="cactus5"/>
            </children>
        </component>
        <component id="cactus1">
            <transformation>
                <translate x="0.4" y="0.8" z="-0.2"/>
                <scale x="0.5" y="0.5" z="0.5"/>
            </transformation>
            <materials>
                <material id="inherit" />
            </materials>
            <texture id="inherit"/>
            <children>            
                <componentref id="cactus"/>
            </children>
        </component>
        <component id="cactus2">
            <transformation>
                <translate x="-2" y="0.4" z="0.4"/>
                <scale x="0.5" y="0.5" z="0.5"/>
            </transformation>
            <materials>
                <material id="inherit" />
            </materials>
            <texture id="inherit"/>
            <children>            
                <componentref id="cactus"/>
            </children>
        </component>
        <component id="cactus3">
            <transformation>
                <translate x="1" y="0" z="1.7"/>
            </transformation>
            <materials>
                <material id="inherit" />
            </materials>
            <texture id="inherit"/>
            <children>            
                <componentref id="cactus"/>
            </children>
        </component>
        <component id="cactus4">
            <transformation>
                <translate x="-1" y="0" z="-2"/>
            </transformation>
            <materials>
                <material id="inherit" />
            </materials>
            <texture id="inherit"/>
            <children>            
                <componentref id="cactus"/>
            </children>
        </component>
        <component id="cactus5">
            <transformation>
                <translate x="0" y="0.6" z="-4"/>
                <scale x="0.8" y="0.8" z="0.8"/>
            </transformation>
            <materials>
                <material id="inherit" />
            </materials>
            <texture id="inherit"/>
            <children>            
                <componentref id="cactus"/>
            </children>
        </component>
        <component id="cactus">
            <transformation>
            </transformation>
            <materials>
                <material id="inherit" />
                <material id="zero" />
            </materials>
            <texture id="inherit"/>
            <children>                
                <componentref id="cactus_body"/>
                <componentref id="composite_cactus_head"/>
                <componentref id="composite_cactus_head_rotated"/>
            </children>
        </component>
        <component id="composite_cactus_head_rotated">
            <transformation>
                <translate x="0" y="2.72" z="0"/>
                <rotate axis="y" angle ="90"/>
            </transformation>
            <materials>
                <material id="inherit" />
            </materials>
            <texture id="leaves" length_s="1" length_t="1"/>
            <children>                
                <componentref id="cactus_head_1"/>
                <componentref id="cactus_head_2"/>
                <componentref id="cactus_head_3"/>
            </children>
        </component>
        <component id="composite_cactus_head">
            <transformation>
                <translate x="0" y="2.72" z="0"/>
            </transformation>
            <materials>
                <material id="inherit" />
            </materials>
            <texture id="leaves" length_s="1" length_t="1"/>
            <children>                
                <componentref id="cactus_head_1"/>
                <componentref id="cactus_head_2"/>
                <componentref id="cactus_head_3"/>
            </children>
        </component>
        <component id="cactus_head_1">
            <transformation>
            </transformation>
            <materials>
                <material id="inherit" />
            </materials>
            <texture id="inherit"/>
            <children>                
                <componentref id="cactus_head_aux"/>
            </children>
        </component>
        <component id="cactus_head_2">
            <transformation>
                <rotate axis="y" angle="60"/>
            </transformation>
            <materials>
                <material id="inherit" />
            </materials>
            <texture id="inherit"/>
            <children>                
                <componentref id="cactus_head_aux"/>
            </children>
        </component>
        <component id="cactus_head_3">
            <transformation>
                <rotate axis="y" angle="120"/>
            </transformation>
            <materials>
                <material id="inherit" />
            </materials>
            <texture id="inherit"/>
            <children>                
                <componentref id="cactus_head_aux"/>
            </children>
        </component>
        <component id="cactus_head_aux">
            <transformation>
                <scale x="0.45" y="0.4" z="0.4"/>
            </transformation>
            <materials>
                <material id="inherit" />
            </materials>
            <texture id="inherit"/>
            <children>                
                <primitiveref id="Torus"/>
            </children>
        </component>
        <component id="cactus_body">
            <transformation> 
                <rotate axis="x" angle="-90"/>
                <scale x="0.17" y="0.2" z="1.1"/>
            </transformation>
            <materials>
                <material id="inherit" />
            </materials>
            <texture id="trunk" length_s="1" length_t="1"/>
            <children>                
                <primitiveref id="Cylinder"/>
            </children>
        </component>


        <component id="bigCompositeTerrainSet1"> 
            <transformation> 
                <translate x="-410" y="0" z="0"/>
            </transformation>
            <materials>
                <material id="inherit" />
            </materials>
            <texture id="inherit"/>
            <children>
                <componentref id="bigCompositeTerrainSet"/>
            </children>
        </component>   
        <component id="bigCompositeTerrainSet2"> 
            <transformation> 
                <translate x="0" y="0" z="-410"/>
            </transformation>
            <materials>
                <material id="inherit" />
            </materials>
            <texture id="inherit"/>
            <children>
                <componentref id="bigCompositeTerrainSet"/>
            </children>
        </component>   

        <component id="bigCompositeTerrainSet">
            <transformation> 
            </transformation>
            <materials>
                <material id="inherit" />
            </materials>
            <texture id="inherit"/>
            <children>
                <componentref id="compositeTerrainSet"/> <!--center-->
                <componentref id="compositeTerrainSet1"/>
                <componentref id="compositeTerrainSet2"/>
                <componentref id="compositeTerrainSet3"/>
                <componentref id="compositeTerrainSet4"/>
                <componentref id="compositeTerrainSet5"/>
                <componentref id="compositeTerrainSet6"/>
                <componentref id="compositeTerrainSet7"/>
                <componentref id="compositeTerrainSet8"/>
            </children>
        </component>        

        <component id="compositeTerrainSet1">
            <transformation>
                <translate x="130" y="0" z="-130"/>  
            </transformation>
            <materials>
                <material id="inherit" />
            </materials>
            <texture id="inherit"/>
            <children>
                <componentref id="compositeTerrainSet"/>
            </children>
        </component>
        <component id="compositeTerrainSet2">
            <transformation>
                <translate x="130" y="0" z="130"/>  
            </transformation>
            <materials>
                <material id="inherit" />
            </materials>
            <texture id="inherit"/>
            <children>
                <componentref id="compositeTerrainSet"/>
            </children>
        </component>
        <component id="compositeTerrainSet3">
            <transformation>
                <translate x="-130" y="0" z="-130"/>  
            </transformation>
            <materials>
                <material id="inherit" />
            </materials>
            <texture id="inherit"/>
            <children>
                <componentref id="compositeTerrainSet"/>
            </children>
        </component>
        <component id="compositeTerrainSet4">
            <transformation>
                <translate x="-130" y="0" z="130"/>  
            </transformation>
            <materials>
                <material id="inherit" />
            </materials>
            <texture id="inherit"/>
            <children>
                <componentref id="compositeTerrainSet"/>
            </children>
        </component>
        <component id="compositeTerrainSet5">
            <transformation>
                <translate x="0" y="0" z="130"/>  
            </transformation>
            <materials>
                <material id="inherit" />
            </materials>
            <texture id="inherit"/>
            <children>
                <componentref id="compositeTerrainSet"/>
            </children>
        </component>
        <component id="compositeTerrainSet6">
            <transformation>
                <translate x="0" y="0" z="-130"/>  
            </transformation>
            <materials>
                <material id="inherit" />
            </materials>
            <texture id="inherit"/>
            <children>
                <componentref id="compositeTerrainSet"/>
            </children>
        </component>
        <component id="compositeTerrainSet7">
            <transformation>
                <translate x="130" y="0" z="0"/>  
            </transformation>
            <materials>
                <material id="inherit" />
            </materials>
            <texture id="inherit"/>
            <children>
                <componentref id="compositeTerrainSet"/>
            </children>
        </component>
        <component id="compositeTerrainSet8">
            <transformation>
                <translate x="-130" y="0" z="0"/>  
            </transformation>
            <materials>
                <material id="inherit" />
            </materials>
            <texture id="inherit"/>
            <children>
                <componentref id="compositeTerrainSet"/>
            </children>
        </component>

        <component id="compositeTerrainSet">
            <transformation>
            </transformation>
            <materials>
                <material id="inherit" />
            </materials>
            <texture id="inherit"/>
            <children>
                <componentref id="compositeTerrain1"/>
                <componentref id="compositeTerrain2"/>
                <componentref id="compositeTerrain3"/>
                <componentref id="compositeTerrain4"/>
            </children>
        </component>
        <component id="compositeTerrain1"> 
            <transformation>
                <translate x="35" y="0" z="-35"/>
            </transformation>
            <materials>
                <material id="inherit" />
            </materials>
            <texture id="inherit"/>
            <children>            
                <componentref id="compositeTerrain"/>
            </children>
        </component>
        <component id="compositeTerrain2"> 
            <transformation>
                <translate x="-35" y="0" z="35"/>
                <rotate axis="y" angle="90"/>
            </transformation>
            <materials>
                <material id="inherit" />
            </materials>
            <texture id="inherit"/>
            <children>            
                <componentref id="compositeTerrain"/>
            </children>
        </component>
        <component id="compositeTerrain3"> 
            <transformation>
                <translate x="35" y="0" z="35"/>
                <rotate axis="y" angle="-90"/>
            </transformation>
            <materials>
                <material id="inherit" />
            </materials>
            <texture id="inherit"/>
            <children>            
                <componentref id="compositeTerrain"/>
            </children>
        </component>
        <component id="compositeTerrain4"> 
            <transformation>
                <translate x="-35" y="0" z="-35"/>
            </transformation>
            <materials>
                <material id="inherit" />
            </materials>
            <texture id="inherit"/>
            <children>            
                <componentref id="compositeTerrain"/>
            </children>
        </component>
        <component id="compositeTerrain">
            <transformation>
            </transformation>
            <materials>
                <material id="inherit" />
            </materials>
            <texture id="inherit"/>
            <children>            
                <componentref id="terrain1"/>
                <componentref id="terrain2"/>
                <componentref id="terrain3"/>
                <componentref id="terrain4"/>
            </children>
        </component>
        <component id="terrain1"> 
            <transformation>
                <translate x="20" y="0" z="-20"/>
            </transformation>
            <materials>
                <material id="inherit" />
            </materials>
            <texture id="inherit"/>
            <children>            
                <componentref id="terrain"/>
            </children>
        </component>
        <component id="terrain2"> 
            <transformation>
                <translate x="-20" y="0" z="20"/>
            </transformation>
            <materials>
                <material id="inherit" />
            </materials>
            <texture id="inherit"/>
            <children>            
                <componentref id="terrain"/>
            </children>
        </component>
        <component id="terrain3"> 
            <transformation>
                <translate x="20" y="0" z="20"/>
            </transformation>
            <materials>
                <material id="inherit" />
            </materials>
            <texture id="inherit"/>
            <children>            
                <componentref id="terrain"/>
            </children>
        </component>
        <component id="terrain4"> 
            <transformation>
                <translate x="-20" y="0" z="-20"/>
            </transformation>
            <materials>
                <material id="inherit" />
            </materials>
            <texture id="inherit"/>
            <children>            
                <componentref id="terrain"/>
            </children>
        </component>
        <component id="terrain"> 
            <transformation>
            </transformation>
            <materials>
                <material id="inherit" />
            </materials>
            <texture id="inherit"/>
            <children>            
                <componentref id="bigSphere1"/>                
                <componentref id="bigSphere2"/>                
                <componentref id="bigSphere3"/>                
            </children>
        </component> 
        <component id="bigSphere1"> 
            <transformation>
                <translate x="0" y="0" z="10" />
                <rotate axis="y" angle="33"/>
            </transformation>
            <materials>
                <material id="inherit" />
            </materials>
            <texture id="inherit"/>
            <children>                
                <componentref id="bigSphere" />
            </children>
        </component>  
        <component id="bigSphere2"> 
            <transformation>
                <rotate axis="y" angle="80"/>
                <translate x="0" y="0" z="12.5" />
                <rotate axis="y" angle="33"/>
            </transformation>
            <materials>
                <material id="inherit" />
            </materials>
            <texture id="inherit"/>
            <children>                
                <componentref id="bigSphere" />
            </children>
        </component>  
        <component id="bigSphere3"> 
            <transformation>
                <rotate axis="y" angle="201"/>
                <translate x="0" y="0" z="13" />
                <rotate axis="y" angle="112"/>
            </transformation>
            <materials>
                <material id="inherit" />
            </materials>
            <texture id="inherit"/>
            <children>                
                <componentref id="bigSphere" />
            </children>
        </component> 
        <component id="bigSphere">
            <transformation>
                <scale x="8.9" y="0.6" z="15"/>
                <!-- scale x="13" y="1.2" z="40"-->
                <!--translate x="0" y="0" z="-1"-->
            </transformation>
            <materials>
                <material id="inherit" />
            </materials>
            <texture id="inherit"/>
            <children>                
                <primitiveref id="Sphere" />
            </children>
        </component>
    </components>
</sxs>